title,date,link
"Nobel Prize, Paul Ryan, China: Your Friday Briefing","Fri, 04 May 2018 13:48:08 GMT",https://www.nytimes.com/2018/05/04/briefing/nobel-prize-paul-ryan-china.html
New York Today: New York Today: Where Does That Black Smoke Come From?,"Fri, 04 May 2018 12:56:58 GMT",https://www.nytimes.com/2018/05/04/nyregion/new-york-today-where-does-that-black-smoke-come-from.html
California Today: California Today: Xavier Becerra on California vs. Trump,"Fri, 04 May 2018 12:53:00 GMT",https://www.nytimes.com/2018/05/04/us/california-today-xavier-becerra-trump.html
,,https://www.nytimes.com//
"Unemployment Rate Hits 3.9%, a Rare Low, as Job Market Becomes More Competitive","Fri, 04 May 2018 13:58:54 GMT",https://www.nytimes.com/2018/05/04/business/economy/jobs-report.html
"U.S.-China Trade Talks End With Strong Demands, but Few Signs of a Deal","Fri, 04 May 2018 12:44:10 GMT",https://www.nytimes.com/2018/05/04/business/china-us-trade-talks.html
Tariff Impact Colors a Key House Race in Boeing Country,"Fri, 04 May 2018 02:13:59 GMT",https://www.nytimes.com/2018/05/03/business/economy/tariffs-boeing-house.html
Giuliani May Have Exposed Trump to New Legal and Political Perils,"Fri, 04 May 2018 01:35:28 GMT",https://www.nytimes.com/2018/05/03/us/politics/giuliani-trump-michael-cohen-stormy-daniels.html
Stormy Daniels: Timeline of a Trump Scandal,"Fri, 09 Mar 2018 19:12:01 GMT",https://www.nytimes.com/video/us/politics/100000005788419/stormy-daniels-trump-timeline.html
"Timeline: The Path of Stormy Daniels’s $130,000 Payment to Keep Quiet","Fri, 04 May 2018 13:57:49 GMT",https://www.nytimes.com/2018/05/03/us/politics/stormy-daniels-trump-payment.html
News Analysis: New Revelations Suggest a President Losing Control of His Narrative,"Fri, 04 May 2018 01:38:44 GMT",https://www.nytimes.com/2018/05/03/us/politics/trump-revelations-narrative.html
"On Fox News of All Places, Damaging Moments for Trump","Thu, 03 May 2018 23:35:02 GMT",https://www.nytimes.com/2018/05/03/business/media/fox-news-trump-giuliani.html
Giuliani’s Bark May Come Back to Bite Trump,"Fri, 04 May 2018 00:27:21 GMT",https://www.nytimes.com/2018/05/03/us/politics/trump-giuliani.html
Trump Orders Pentagon to Consider Reducing U.S. Forces in South Korea,"Fri, 04 May 2018 02:36:02 GMT",https://www.nytimes.com/2018/05/03/world/asia/trump-troops-south-korea.html
His Predecessors Failed. Can Moon Jae-in Make Peace With North Korea?,"Fri, 04 May 2018 04:38:33 GMT",https://www.nytimes.com/2018/05/03/world/asia/north-korea-moon-trump-kim.html
Notion of U.S. Troop Cuts Unnerves South Korea and Japan,"Fri, 04 May 2018 11:00:10 GMT",https://www.nytimes.com/2018/05/04/world/asia/south-korea-troop-withdrawal-united-states.html
"They Voted for Obama, Then Went for Trump. Can Democrats Win Them Back?","Fri, 04 May 2018 09:00:13 GMT",https://www.nytimes.com/2018/05/04/us/obama-trump-swing-voters.html
A Cheat Sheet to the Trump Circus,"Fri, 04 May 2018 09:30:09 GMT",https://www.nytimes.com/2018/05/04/opinion/sunday/trump-mueller-cohen-stormy-daniels.html
"Op-Ed Columnist: Does Giuliani Have a Plan, or Is This Just a Freakout?","Thu, 03 May 2018 21:15:07 GMT",https://www.nytimes.com/2018/05/03/opinion/giuliani-trump-stormy-daniels-cohen.html
The Nobel Prize for Literature Is a Scandal All by Itself,"Fri, 04 May 2018 09:45:04 GMT",https://www.nytimes.com/2018/05/04/opinion/nobel-prize-literature-scandal.html
Democrats: Don’t Take the Bait on Impeachment,"Fri, 04 May 2018 09:45:05 GMT",https://www.nytimes.com/2018/05/04/opinion/adam-schiff-democrats-impeachment.html
Colin Kaepernick: ‘Love Is at the Root of Our Resistance’,"Fri, 04 May 2018 09:46:30 GMT",https://www.nytimes.com/2018/05/04/opinion/colin-kaepernick-amnesty-international-speech.html
Op-Ed Columnist: The Future of the American Left,"Thu, 03 May 2018 23:23:08 GMT",https://www.nytimes.com/2018/05/03/opinion/future-american-left.html
Op-Ed Columnist: Israel Banishes a Columbia Law Professor for Thinking Differently,"Fri, 04 May 2018 09:45:04 GMT",https://www.nytimes.com/2018/05/04/opinion/israel-columbia-katherine-franke.html
Op-Ed Columnist: Apple and the Fruits of Tax Cuts,"Thu, 03 May 2018 22:55:04 GMT",https://www.nytimes.com/2018/05/03/opinion/apple-tax-cuts.html
Too Bad Rudy Doesn’t Lie as Well as Trump,"Thu, 03 May 2018 16:42:13 GMT",https://www.nytimes.com/2018/05/03/opinion/giuliani-stormy-daniels-trump-payment.html
2018 Nobel Prize in Literature Postponed Amid Sexual Abuse Scandal,"Fri, 04 May 2018 09:24:22 GMT",https://www.nytimes.com/2018/05/04/world/europe/nobel-literature-swedish-academy.html
Ryan Reinstates House Chaplain After Priest Decided to Fight Dismissal,"Thu, 03 May 2018 23:35:10 GMT",https://www.nytimes.com/2018/05/03/us/politics/house-chaplain-resignation.html
St. Paul’s School Called ‘Haven for Sexual Predators’ in New Lawsuit,"Thu, 03 May 2018 21:26:35 GMT",https://www.nytimes.com/2018/05/03/us/stpauls-boarding-school-abuse.html
Eruption of Kilauea Volcano Forces Hawaii Evacuations,"Fri, 04 May 2018 13:22:46 GMT",https://www.nytimes.com/2018/05/04/us/kilauea-volcano-eruption-hawaii.html
A.T.F. Agent in Chicago Shot and Critically Wounded in Undercover Operation,"Fri, 04 May 2018 13:39:54 GMT",https://www.nytimes.com/2018/05/04/us/atf-agent-shot-chicago.html
He Fled an Iceland Prison. Now He Wants to Go Back.,"Fri, 04 May 2018 09:40:17 GMT",https://www.nytimes.com/2018/05/04/business/iceland-bitcoin-heist.html
The Tragic Diagnosis They Already Knew: Their Brother Died With C.T.E.,"Fri, 04 May 2018 01:02:55 GMT",https://www.nytimes.com/2018/05/03/sports/nhl-cte-jeff-parker.html
"Why David Goodall, 104, Renowned Australian Scientist, Wants to Die","Thu, 03 May 2018 23:54:02 GMT",https://www.nytimes.com/2018/05/03/world/australia/david-goodall-right-to-die.html
De Blasio Moves to Bring Safe Injection Sites to New York City,"Fri, 04 May 2018 00:59:48 GMT",https://www.nytimes.com/2018/05/03/nyregion/nyc-safe-injection-sites-heroin.html
Anti-Frieze Art Fairs Abound in Brooklyn,"Thu, 03 May 2018 17:52:04 GMT",https://www.nytimes.com/2018/05/02/arts/design/art-fairs-in-brooklyn.html
The New Retirement: Near the Kids,"Fri, 04 May 2018 09:00:29 GMT",https://www.nytimes.com/2018/05/04/realestate/the-new-retirement-near-the-kids.html
Modern Love: Alexa? Please Ignore My Husband,"Fri, 04 May 2018 04:00:01 GMT",https://www.nytimes.com/2018/05/04/style/modern-love-alexa-please-ignore-my-husband.html
Editors’ Choice: 8 New Books We Recommend This Week,"Thu, 03 May 2018 16:40:20 GMT",https://www.nytimes.com/2018/05/03/books/review/8-new-books-we-recommend-this-week.html
Living With Cancer: Imaginative Caregiving for the Cancer Patient,"Thu, 19 Apr 2018 10:00:01 GMT",https://www.nytimes.com/2018/04/19/well/live/imaginative-caregiving-for-the-cancer-patient.html
Why Everyone Needs a Good 10-Foot Charging Cable,"Thu, 03 May 2018 06:59:00 GMT",https://www.nytimes.com/2018/05/03/smarter-living/good-10-foot-charging-cables-tech.html
Tech Tip: Getting Your Desktop Windows in Order,"Fri, 20 Apr 2018 13:05:03 GMT",https://www.nytimes.com/2018/04/20/technology/personaltech/desktop-windows-organize-resize.html
Benedict Cumberbatch Just Crossed the Last Role Off His Bucket List,"Thu, 03 May 2018 14:00:06 GMT",https://www.nytimes.com/2018/05/03/arts/television/benedict-cumberbatch-patrick-melrose-showtime.html
"Review: In the Comedy ‘Tully,’ Mom’s Struggle Is Real","Thu, 03 May 2018 16:39:53 GMT",https://www.nytimes.com/2018/05/03/movies/tully-review-charlize-theron.html
"Meghan Markle, Future Princess? Not on This Instagram Account","Fri, 04 May 2018 10:22:45 GMT",https://www.nytimes.com/2018/05/02/style/prince-george-instagram.html
Best of Late Night: Jimmy Fallon Says Maybe Rudy Giuliani Should Be Paid Hush Money,"Fri, 04 May 2018 09:01:41 GMT",https://www.nytimes.com/2018/05/04/arts/television/jimmy-fallon-rudy-giuliani-stormy-daniels.html
"Hungry City: A Menu of Moroccan Tradition, and Generosity, in Brooklyn","Thu, 03 May 2018 15:52:06 GMT",https://www.nytimes.com/2018/05/03/dining/bab-marrakech-review-brooklyn.html
An Ancient Horse Is Unearthed in a Utah Backyard,"Fri, 04 May 2018 02:38:25 GMT",https://www.nytimes.com/2018/05/03/science/horse-skeleton-utah.html
Trilobites: Lightning Struck Her Home. Then Her Brain Implant Stopped Working.,"Thu, 03 May 2018 15:03:13 GMT",https://www.nytimes.com/2018/05/03/health/lightning-brain-implants.html
Doctors: The Best Medicine? What’s Meaningful to Our Patients,"Thu, 03 May 2018 16:53:18 GMT",https://www.nytimes.com/2018/05/03/well/live/doctor-patient-medicine-cancer-treatment-leukemia-meaning.html
"Seeking a Smoother Ride, Whether You Drive or Your Autonomous Car Does","Thu, 03 May 2018 13:49:31 GMT",https://www.nytimes.com/2018/05/03/business/digital-chassis-autonomous-cars.html
àìôéí îùúúôéí áäìååééú ðäâ äîùàéú ùðñçó áùéèôåðåú áðâá,"Fri, 04 May 2018 16:36:23 +0200","http://www.ynet.co.il/articles/0,7340,L-5250994,00.html"
"âáø áï 52 äúçùîì áîåòöä äàæåøéú îòìä éåñó, îöáå ÷ùä","Fri, 04 May 2018 16:35:26 +0200","http://www.ynet.co.il/articles/0,7340,L-5250992,00.html"
"öä""ì îæäéø àú äôìñèéðéí: ""îöéòéí ìëí ìäúøç÷ îäâãø"" ","Fri, 04 May 2018 16:07:20 +0200","http://www.ynet.co.il/articles/0,7340,L-5250970,00.html"
"äôìñèéðéí: ""äôìðå øçôï ùì ëåçåú äáéèçï äéùøàìéí""","Fri, 04 May 2018 15:52:11 +0200","http://www.ynet.co.il/articles/0,7340,L-5250967,00.html"
ôåòì ðôöò ÷ùä áðôéìä îâåáä øá áðöøú,"Fri, 04 May 2018 15:50:20 +0200","http://www.ynet.co.il/articles/0,7340,L-5250964,00.html"
ëáéù 25 ðñâø ìæîï ÷öø áàæåø àùì äðùéà áùì ùøéôú ÷åöéí,"Fri, 04 May 2018 15:49:59 +0200","http://www.ynet.co.il/articles/0,7340,L-5250951,00.html"
"îùôçú âåìãéï: ""éåãòéí ìäùéâ çåîø îàéøàï åìà éëåìéí ìäçæéø àú äãø?""","Fri, 04 May 2018 15:01:08 +0200","http://www.ynet.co.il/articles/0,7340,L-5250925,00.html"
"áåèìä äùáéúä á÷åôú äçåìéí ""ëììéú"" ùúåëððä ìäú÷ééí áéåí à'","Fri, 04 May 2018 14:42:07 +0200","http://www.ynet.co.il/articles/0,7340,L-5250913,00.html"
"ìéáøîï òì àáå îàæï: ""îëçéù ùåàä òìåá, äúðöìåúå ìà îú÷áìú""","Fri, 04 May 2018 14:23:51 +0200","http://www.ynet.co.il/articles/0,7340,L-5250904,00.html"
"îøåõ äàåôðééí ""â'éøå ã'àéèìéä"" éöà ìãøê áéøåùìéí","Fri, 04 May 2018 13:55:24 +0200","http://www.ynet.co.il/articles/0,7340,L-5250873,00.html"
בן 52 נכווה באורח קשה מהתלקחות ארון חשמל בגליל העליון,"Fri, 04 May 2018 16:42:00 +0300",https://news.walla.co.il/item/3155229
ספרד: לוחמי המחתרת הבאסקית לא יזכו בחסינות,"Fri, 04 May 2018 16:25:00 +0300",https://news.walla.co.il/item/3155227
משרד הבריאות בעזה: 40 פלסטינים נפצעו בגבול הרצועה,"Fri, 04 May 2018 16:13:00 +0300",https://news.walla.co.il/item/3155226
פועל בן 50 נפצע באורח קשה בעת שנפל מגובה בנצרת,"Fri, 04 May 2018 16:09:00 +0300",https://news.walla.co.il/item/3155224
"צה""ל: רחפן צילום נפל בשטח הרצועה; אין חשש לדלף מידע","Fri, 04 May 2018 15:52:00 +0300",https://news.walla.co.il/item/3155222
"דיווח פלסטיני: רחפן של צה""ל נפל בשטח רצועת עזה","Fri, 04 May 2018 15:47:00 +0300",https://news.walla.co.il/item/3155220
הוארך מעצר תושבת מזרח י-ם בחשד שתכננה פיגוע בחדרה,"Fri, 04 May 2018 15:07:00 +0300",https://news.walla.co.il/item/3155218
בולטון: טראמפ לא ביקש לצמצם כוחות בדרום קוריאה,"Fri, 04 May 2018 14:59:00 +0300",https://news.walla.co.il/item/3155216
בוטלה השביתה שתוכנה בקופת חולים כללית ביום ראשון,"Fri, 04 May 2018 14:41:00 +0300",https://news.walla.co.il/item/3155215
ליברמן: התנצלותו של אבו מאזן לא מתקבלת,"Fri, 04 May 2018 14:25:00 +0300",https://news.walla.co.il/item/3155213
מרוץ האופניים ג'ירו דאיטליה יצא לדרך בירושלים,"Fri, 04 May 2018 14:03:00 +0300",https://news.walla.co.il/item/3155210
רוסיה: מתנגדים לכל שינוי בהסכם הגרעין עם איראן,"Fri, 04 May 2018 14:00:00 +0300",https://news.walla.co.il/item/3155209
"אבו מאזן התנצל על הנאום האנטישמי: ""מכבד את היהדות""","Fri, 04 May 2018 13:21:00 +0300",https://news.walla.co.il/item/3155206
"כוחות צה""ל עצרו את הפלסטיני שחדר לשטח ישראל","Fri, 04 May 2018 12:47:00 +0300",https://news.walla.co.il/item/3155203
"צה""ל הזהיר את תושבי עוטף עזה מעפיפוני נפץ של חמאס","Fri, 04 May 2018 12:44:00 +0300",https://news.walla.co.il/item/3155202
"כוחות צה""ל סורקים אחר פלסטיני שחדר לישראל ליד זיקים","Fri, 04 May 2018 12:07:00 +0300",https://news.walla.co.il/item/3155199
מצרים: מדינות ערב דנות באפשרות שליחת כוחות לסוריה,"Fri, 04 May 2018 11:47:00 +0300",https://news.walla.co.il/item/3155198
"כאלף נשים משתתפות ב""צעדת השרמוטות"" בתל אביב","Fri, 04 May 2018 10:54:00 +0300",https://news.walla.co.il/item/3155192
רוכב אופנוע כבן 50 התהפך בכביש 90 בערבה; מצבו בינוני,"Fri, 04 May 2018 10:24:00 +0300",https://news.walla.co.il/item/3155185
בגל שערוריית מין: פרס נובל לספרות לא יוענק השנה,"Fri, 04 May 2018 10:14:00 +0300",https://news.walla.co.il/item/3155184
שריפה פרצה בסמוך לקיבוץ יגור; שישה צוותי כיבוי במקום,"Fri, 04 May 2018 09:44:00 +0300",https://news.walla.co.il/item/3155182
עקב תאונה: עומס תנועה בכביש 4 לצפון ליד צומת פרדסיה,"Fri, 04 May 2018 09:20:00 +0300",https://news.walla.co.il/item/3155180
"ארה""ב: אלפים הורו להתפנות בהתפרצות הר געש בהוואי","Fri, 04 May 2018 08:18:00 +0300",https://news.walla.co.il/item/3155171
תינוק ממזרח י-ם במצב קשה לאחר שככל הנראה בלע סמים,"Fri, 04 May 2018 07:51:00 +0300",https://news.walla.co.il/item/3155168
מזג אוויר: שרבי ברוב אזורי הארץ; ייתכנו גשמים מקומיים,"Fri, 04 May 2018 06:40:00 +0300",https://news.walla.co.il/item/3155162
רוכב אופנוע בן 40 התהפך בנתיבי איילון; מצבו קשה,"Fri, 04 May 2018 06:09:00 +0300",https://news.walla.co.il/item/3155161
"אבו מאזן: אעניק לעהד תמימי ""חבר כבוד"" במועצה הפלסטינית","Fri, 04 May 2018 05:12:00 +0300",https://news.walla.co.il/item/3155160
"שר האוצר של ארה""ב: מקיימות שיחות טובות על מסחר עם סין","Fri, 04 May 2018 04:27:00 +0300",https://news.walla.co.il/item/3155158
מוזמביק: מנהיג האופוזיציה מת בביתו; הנסיבות בבדיקה,"Fri, 04 May 2018 03:07:00 +0300",https://news.walla.co.il/item/3155156
"ארה""ב: בן 22 נהרג מהירי בקניון בנאשוויל; חשוד בן 22 נעצר","Fri, 04 May 2018 02:35:00 +0300",https://news.walla.co.il/item/3155154
